"name1","name2"
"Richard Gilfillan","Joletta Mailey"
"Richard Gilfillan","Kathryne Goodrich"
"Richard Gilfillan","Mayor Lamont"
"Richard Gilfillan","Hermy Birkhead"
"Richard Gilfillan","Milena Cogswell"
"Richard Gilfillan","Nadia Ayree"
"Richard Gilfillan","Marisa McMennum"
"Richard Gilfillan","Angelita Vallentin"
"Richard Gilfillan","Allyn Sancho"
"Richard Gilfillan","Nalani Scardifield"
"Richard Gilfillan","Korry Kears"
"Richard Gilfillan","Bar Spedroni"
"Richard Gilfillan","Shani Garett"
"Richard Gilfillan","Niki MacPake"
"Richard Gilfillan","Sharla Puckrin"
"Richard Gilfillan","Daveta Rannells"
"Richard Gilfillan","Bengt Prator"
"Richard Gilfillan","Foster Durand"
"Richard Gilfillan","Porter Newing"
"Richard Gilfillan","Alberik Joynson"
"Richard Gilfillan","Maxie Watsham"
"Richard Gilfillan","Tova Sworn"
"Richard Gilfillan","Chicky Ancliffe"
"Richard Gilfillan","Preston Fynan"
"Richard Gilfillan","Rhetta Dyson"
"Richard Gilfillan","Early Letixier"
"Richard Gilfillan","Gae Posselt"
"Richard Gilfillan","Carolina Ewbanks"
"Joletta Mailey","Vaughn Pallant"
"Joletta Mailey","Alick Wanless"
"Joletta Mailey","Nani Heyball"
"Joletta Mailey","Crista Krzysztof"
"Joletta Mailey","Nadia Ayree"
"Joletta Mailey","Marisa McMennum"
"Joletta Mailey","Angelita Vallentin"
"Joletta Mailey","Karim Geggus"
"Joletta Mailey","Allyn Sancho"
"Joletta Mailey","Mitchel Maruska"
"Joletta Mailey","Korry Kears"
"Joletta Mailey","Niki MacPake"
"Joletta Mailey","Briggs Hellin"
"Joletta Mailey","Concordia Myles"
"Joletta Mailey","Lisle Weekes"
"Joletta Mailey","Alberik Joynson"
"Joletta Mailey","Tova Sworn"
"Joletta Mailey","Beilul Girkins"
"Joletta Mailey","Mersey Kinlock"
"Joletta Mailey","Chicky Ancliffe"
"Joletta Mailey","Berkie Grabeham"
"Joletta Mailey","Katha Cushelly"
"Joletta Mailey","Early Letixier"
"Joletta Mailey","Kimberli Feander"
"Joletta Mailey","Leon Blumsom"
"Joletta Mailey","Delia Wintour"
"Hiram Sissons","Aretha Brooksby"
"Hiram Sissons","Zitella Gawthorp"
"Hiram Sissons","Alick Wanless"
"Hiram Sissons","Lucine Ramsay"
"Hiram Sissons","Sullivan Alpin"
"Hiram Sissons","Averill Gregg"
"Hiram Sissons","Nalani Scardifield"
"Hiram Sissons","Korry Kears"
"Hiram Sissons","Shani Garett"
"Hiram Sissons","Bengt Prator"
"Hiram Sissons","Bern Oboy"
"Hiram Sissons","Burg Donat"
"Hiram Sissons","Fionnula Bonicelli"
"Hiram Sissons","Beilul Girkins"
"Hiram Sissons","Mersey Kinlock"
"Hiram Sissons","Rance O' Molan"
"Hiram Sissons","Berkie Grabeham"
"Hiram Sissons","Bernard Gorriessen"
"Hiram Sissons","Delia Wintour"
"Hiram Sissons","Wilbur Toffoletto"
"Hiram Sissons","Billie Beynkn"
"Nydia Merrikin","Sargent Wareham"
"Nydia Merrikin","Lacy Noah"
"Nydia Merrikin","Kathryne Goodrich"
"Nydia Merrikin","Mayor Lamont"
"Nydia Merrikin","Hedda Andrault"
"Nydia Merrikin","Erhart Copozio"
"Nydia Merrikin","Robinetta Sailor"
"Nydia Merrikin","Dunn Pinnere"
"Nydia Merrikin","Bengt Prator"
"Nydia Merrikin","Lisle Weekes"
"Nydia Merrikin","Porter Newing"
"Nydia Merrikin","Alberik Joynson"
"Nydia Merrikin","Tammie Lattimer"
"Nydia Merrikin","Fionnula Bonicelli"
"Nydia Merrikin","Marylin Ducket"
"Nydia Merrikin","Fanny Trewhela"
"Nydia Merrikin","Rhetta Dyson"
"Nydia Merrikin","Katha Cushelly"
"Nydia Merrikin","Kimberli Feander"
"Nydia Merrikin","Vicki Matteo"
"Nydia Merrikin","Cordelie Maryott"
"Nydia Merrikin","Carolina Ewbanks"
"Sargent Wareham","Nydia Merrikin"
"Sargent Wareham","Kathryne Goodrich"
"Sargent Wareham","Aretha Brooksby"
"Sargent Wareham","Zitella Gawthorp"
"Sargent Wareham","Crista Krzysztof"
"Sargent Wareham","Hedda Andrault"
"Sargent Wareham","Nadia Ayree"
"Sargent Wareham","Raphaela Mathis"
"Sargent Wareham","Erhart Copozio"
"Sargent Wareham","Karim Geggus"
"Sargent Wareham","Dunn Pinnere"
"Sargent Wareham","Mitchel Maruska"
"Sargent Wareham","Korry Kears"
"Sargent Wareham","Garvy Sloey"
"Sargent Wareham","Niki MacPake"
"Sargent Wareham","Bengt Prator"
"Sargent Wareham","Porter Newing"
"Sargent Wareham","Tammie Lattimer"
"Sargent Wareham","Maxie Watsham"
"Sargent Wareham","Jacintha Doniso"
"Sargent Wareham","Mersey Kinlock"
"Sargent Wareham","Aubrette Windeatt"
"Sargent Wareham","Elizabeth Dinsmore"
"Sargent Wareham","Kimberli Feander"
"Sargent Wareham","Vicki Matteo"
"Sargent Wareham","Leon Blumsom"
"Sargent Wareham","Cordelie Maryott"
"Sargent Wareham","Delia Wintour"
"Sargent Wareham","Billie Beynkn"
"Lacy Noah","Nydia Merrikin"
"Lacy Noah","Aretha Brooksby"
"Lacy Noah","Vaughn Pallant"
"Lacy Noah","Mayor Lamont"
"Lacy Noah","Nani Heyball"
"Lacy Noah","Nikolia Safont"
"Lacy Noah","Edithe Weiser"
"Lacy Noah","Nadia Ayree"
"Lacy Noah","Cheryl Blakiston"
"Lacy Noah","Raphaela Mathis"
"Lacy Noah","Amalle Gribben"
"Lacy Noah","Bar Spedroni"
"Lacy Noah","Niki MacPake"
"Lacy Noah","Sharla Puckrin"
"Lacy Noah","Foster Durand"
"Lacy Noah","Concordia Myles"
"Lacy Noah","Porter Newing"
"Lacy Noah","Cristal Reavell"
"Lacy Noah","Tova Sworn"
"Lacy Noah","Neysa Danilchenko"
"Lacy Noah","Marylin Ducket"
"Lacy Noah","Aubrette Windeatt"
"Lacy Noah","Berkie Grabeham"
"Lacy Noah","Preston Fynan"
"Lacy Noah","Sybyl Randles"
"Lacy Noah","Delia Wintour"
"Lacy Noah","Carolina Ewbanks"
"Lacy Noah","Billie Beynkn"
"Kathryne Goodrich","Joletta Mailey"
"Kathryne Goodrich","Hiram Sissons"
"Kathryne Goodrich","Vaughn Pallant"
"Kathryne Goodrich","Nani Heyball"
"Kathryne Goodrich","Raphaela Mathis"
"Kathryne Goodrich","Amalle Gribben"
"Kathryne Goodrich","Dunn Pinnere"
"Kathryne Goodrich","Averill Gregg"
"Kathryne Goodrich","Korry Kears"
"Kathryne Goodrich","Concordia Myles"
"Kathryne Goodrich","Tammie Lattimer"
"Kathryne Goodrich","Maxie Watsham"
"Kathryne Goodrich","Bern Oboy"
"Kathryne Goodrich","Fionnula Bonicelli"
"Kathryne Goodrich","Jacintha Doniso"
"Kathryne Goodrich","Mersey Kinlock"
"Kathryne Goodrich","Rance O' Molan"
"Kathryne Goodrich","Georgine Bagshaw"
"Kathryne Goodrich","Preston Fynan"
"Kathryne Goodrich","Katha Cushelly"
"Kathryne Goodrich","Elizabeth Dinsmore"
"Kathryne Goodrich","Bernard Gorriessen"
"Kathryne Goodrich","Kimberli Feander"
"Kathryne Goodrich","Carolina Ewbanks"
"Aretha Brooksby","Joletta Mailey"
"Aretha Brooksby","Nydia Merrikin"
"Aretha Brooksby","Alick Wanless"
"Aretha Brooksby","Nani Heyball"
"Aretha Brooksby","Sullivan Alpin"
"Aretha Brooksby","Marisa McMennum"
"Aretha Brooksby","Denys Shapcote"
"Aretha Brooksby","Garvy Sloey"
"Aretha Brooksby","Bengt Prator"
"Aretha Brooksby","Lisle Weekes"
"Aretha Brooksby","Tova Sworn"
"Aretha Brooksby","Neysa Danilchenko"
"Aretha Brooksby","Beilul Girkins"
"Aretha Brooksby","Bernard Gorriessen"
"Aretha Brooksby","Vicki Matteo"
"Aretha Brooksby","Cordelie Maryott"
"Aretha Brooksby","Carolina Ewbanks"
"Aretha Brooksby","Wilbur Toffoletto"
"Vaughn Pallant","Nydia Merrikin"
"Vaughn Pallant","Sargent Wareham"
"Vaughn Pallant","Kathryne Goodrich"
"Vaughn Pallant","Hedda Andrault"
"Vaughn Pallant","Cheryl Blakiston"
"Vaughn Pallant","Raphaela Mathis"
"Vaughn Pallant","Karim Geggus"
"Vaughn Pallant","Allyn Sancho"
"Vaughn Pallant","Robinetta Sailor"
"Vaughn Pallant","Mitchel Maruska"
"Vaughn Pallant","Denys Shapcote"
"Vaughn Pallant","Bar Spedroni"
"Vaughn Pallant","Shani Garett"
"Vaughn Pallant","Daveta Rannells"
"Vaughn Pallant","Guglielma Antoniottii"
"Vaughn Pallant","Tammie Lattimer"
"Vaughn Pallant","Bern Oboy"
"Vaughn Pallant","Georgine Bagshaw"
"Vaughn Pallant","Elizabeth Dinsmore"
"Vaughn Pallant","Kimberli Feander"
"Vaughn Pallant","Gae Posselt"
"Vaughn Pallant","Delia Wintour"
"Aguistin Gilmore","Hiram Sissons"
"Aguistin Gilmore","Lacy Noah"
"Aguistin Gilmore","Nikolia Safont"
"Aguistin Gilmore","Hedda Andrault"
"Aguistin Gilmore","Cheryl Blakiston"
"Aguistin Gilmore","Angelita Vallentin"
"Aguistin Gilmore","Karim Geggus"
"Aguistin Gilmore","Averill Gregg"
"Aguistin Gilmore","Nalani Scardifield"
"Aguistin Gilmore","Korry Kears"
"Aguistin Gilmore","Sharla Puckrin"
"Aguistin Gilmore","Guglielma Antoniottii"
"Aguistin Gilmore","Alberik Joynson"
"Aguistin Gilmore","Tammie Lattimer"
"Aguistin Gilmore","Maxie Watsham"
"Aguistin Gilmore","Bern Oboy"
"Aguistin Gilmore","Neysa Danilchenko"
"Aguistin Gilmore","Mersey Kinlock"
"Aguistin Gilmore","Chicky Ancliffe"
"Aguistin Gilmore","Georgine Bagshaw"
"Aguistin Gilmore","Fanny Trewhela"
"Aguistin Gilmore","Berkie Grabeham"
"Aguistin Gilmore","Preston Fynan"
"Aguistin Gilmore","Bernard Gorriessen"
"Aguistin Gilmore","Leon Blumsom"
"Aguistin Gilmore","Gae Posselt"
"Aguistin Gilmore","Carolina Ewbanks"
"Aguistin Gilmore","Wilbur Toffoletto"
"Aguistin Gilmore","Billie Beynkn"
"Zitella Gawthorp","Alick Wanless"
"Zitella Gawthorp","Hermy Birkhead"
"Zitella Gawthorp","Sullivan Alpin"
"Zitella Gawthorp","Marisa McMennum"
"Zitella Gawthorp","Allyn Sancho"
"Zitella Gawthorp","Mitchel Maruska"
"Zitella Gawthorp","Sharla Puckrin"
"Zitella Gawthorp","Daveta Rannells"
"Zitella Gawthorp","Guglielma Antoniottii"
"Zitella Gawthorp","Bengt Prator"
"Zitella Gawthorp","Maxie Watsham"
"Zitella Gawthorp","Bern Oboy"
"Zitella Gawthorp","Fionnula Bonicelli"
"Zitella Gawthorp","Neysa Danilchenko"
"Zitella Gawthorp","Marylin Ducket"
"Zitella Gawthorp","Rance O' Molan"
"Zitella Gawthorp","Elizabeth Dinsmore"
"Zitella Gawthorp","Leon Blumsom"
"Zitella Gawthorp","Cordelie Maryott"
"Zitella Gawthorp","Carolina Ewbanks"
"Zitella Gawthorp","Billie Beynkn"
"Alick Wanless","Hiram Sissons"
"Alick Wanless","Aretha Brooksby"
"Alick Wanless","Aguistin Gilmore"
"Alick Wanless","Nani Heyball"
"Alick Wanless","Nikolia Safont"
"Alick Wanless","Lucine Ramsay"
"Alick Wanless","Edithe Weiser"
"Alick Wanless","Marisa McMennum"
"Alick Wanless","Cheryl Blakiston"
"Alick Wanless","Allyn Sancho"
"Alick Wanless","Mitchel Maruska"
"Alick Wanless","Denys Shapcote"
"Alick Wanless","Bar Spedroni"
"Alick Wanless","Shani Garett"
"Alick Wanless","Niki MacPake"
"Alick Wanless","Bengt Prator"
"Alick Wanless","Briggs Hellin"
"Alick Wanless","Alberik Joynson"
"Alick Wanless","Aubrette Windeatt"
"Alick Wanless","Chicky Ancliffe"
"Alick Wanless","Berkie Grabeham"
"Alick Wanless","Early Letixier"
"Alick Wanless","Lilith Sudy"
"Alick Wanless","Gae Posselt"
"Alick Wanless","Carolina Ewbanks"
"Mayor Lamont","Nydia Merrikin"
"Mayor Lamont","Aguistin Gilmore"
"Mayor Lamont","Zitella Gawthorp"
"Mayor Lamont","Hermy Birkhead"
"Mayor Lamont","Crista Krzysztof"
"Mayor Lamont","Angelita Vallentin"
"Mayor Lamont","Karim Geggus"
"Mayor Lamont","Allyn Sancho"
"Mayor Lamont","Mitchel Maruska"
"Mayor Lamont","Foster Durand"
"Mayor Lamont","Concordia Myles"
"Mayor Lamont","Lisle Weekes"
"Mayor Lamont","Maxie Watsham"
"Mayor Lamont","Mersey Kinlock"
"Mayor Lamont","Kimberli Feander"
"Mayor Lamont","Vicki Matteo"
"Mayor Lamont","Wilbur Toffoletto"
"Nani Heyball","Richard Gilfillan"
"Nani Heyball","Hiram Sissons"
"Nani Heyball","Nikolia Safont"
"Nani Heyball","Edithe Weiser"
"Nani Heyball","Nadia Ayree"
"Nani Heyball","Angelita Vallentin"
"Nani Heyball","Shani Garett"
"Nani Heyball","Bengt Prator"
"Nani Heyball","Tammie Lattimer"
"Nani Heyball","Bern Oboy"
"Nani Heyball","Tova Sworn"
"Nani Heyball","Jacintha Doniso"
"Nani Heyball","Marylin Ducket"
"Nani Heyball","Bernard Gorriessen"
"Nani Heyball","Early Letixier"
"Nani Heyball","Carolina Ewbanks"
"Hermy Birkhead","Richard Gilfillan"
"Hermy Birkhead","Crista Krzysztof"
"Hermy Birkhead","Milena Cogswell"
"Hermy Birkhead","Hedda Andrault"
"Hermy Birkhead","Nadia Ayree"
"Hermy Birkhead","Sullivan Alpin"
"Hermy Birkhead","Raphaela Mathis"
"Hermy Birkhead","Bar Spedroni"
"Hermy Birkhead","Shani Garett"
"Hermy Birkhead","Bern Oboy"
"Hermy Birkhead","Fionnula Bonicelli"
"Hermy Birkhead","Tova Sworn"
"Hermy Birkhead","Jacintha Doniso"
"Hermy Birkhead","Neysa Danilchenko"
"Hermy Birkhead","Katha Cushelly"
"Hermy Birkhead","Elizabeth Dinsmore"
"Hermy Birkhead","Sybyl Randles"
"Hermy Birkhead","Delia Wintour"
"Hermy Birkhead","Wilbur Toffoletto"
"Crista Krzysztof","Richard Gilfillan"
"Crista Krzysztof","Aguistin Gilmore"
"Crista Krzysztof","Zitella Gawthorp"
"Crista Krzysztof","Hermy Birkhead"
"Crista Krzysztof","Cheryl Blakiston"
"Crista Krzysztof","Angelita Vallentin"
"Crista Krzysztof","Robinetta Sailor"
"Crista Krzysztof","Denys Shapcote"
"Crista Krzysztof","Foster Durand"
"Crista Krzysztof","Concordia Myles"
"Crista Krzysztof","Lisle Weekes"
"Crista Krzysztof","Alberik Joynson"
"Crista Krzysztof","Fionnula Bonicelli"
"Crista Krzysztof","Tova Sworn"
"Crista Krzysztof","Neysa Danilchenko"
"Crista Krzysztof","Aubrette Windeatt"
"Crista Krzysztof","Berkie Grabeham"
"Crista Krzysztof","Bernard Gorriessen"
"Crista Krzysztof","Sybyl Randles"
"Crista Krzysztof","Kimberli Feander"
"Crista Krzysztof","Cordelie Maryott"
"Milena Cogswell","Richard Gilfillan"
"Milena Cogswell","Joletta Mailey"
"Milena Cogswell","Sargent Wareham"
"Milena Cogswell","Kathryne Goodrich"
"Milena Cogswell","Zitella Gawthorp"
"Milena Cogswell","Alick Wanless"
"Milena Cogswell","Mayor Lamont"
"Milena Cogswell","Nani Heyball"
"Milena Cogswell","Hermy Birkhead"
"Milena Cogswell","Hedda Andrault"
"Milena Cogswell","Sullivan Alpin"
"Milena Cogswell","Karim Geggus"
"Milena Cogswell","Dunn Pinnere"
"Milena Cogswell","Shani Garett"
"Milena Cogswell","Niki MacPake"
"Milena Cogswell","Daveta Rannells"
"Milena Cogswell","Lisle Weekes"
"Milena Cogswell","Tammie Lattimer"
"Milena Cogswell","Burg Donat"
"Milena Cogswell","Jacintha Doniso"
"Milena Cogswell","Katha Cushelly"
"Milena Cogswell","Kimberli Feander"
"Milena Cogswell","Cordelie Maryott"
"Milena Cogswell","Wilbur Toffoletto"
"Nikolia Safont","Joletta Mailey"
"Nikolia Safont","Hermy Birkhead"
"Nikolia Safont","Crista Krzysztof"
"Nikolia Safont","Edithe Weiser"
"Nikolia Safont","Sullivan Alpin"
"Nikolia Safont","Marisa McMennum"
"Nikolia Safont","Raphaela Mathis"
"Nikolia Safont","Dunn Pinnere"
"Nikolia Safont","Georgeanne Rowbury"
"Nikolia Safont","Nalani Scardifield"
"Nikolia Safont","Garvy Sloey"
"Nikolia Safont","Bar Spedroni"
"Nikolia Safont","Bengt Prator"
"Nikolia Safont","Concordia Myles"
"Nikolia Safont","Tammie Lattimer"
"Nikolia Safont","Cristal Reavell"
"Nikolia Safont","Burg Donat"
"Nikolia Safont","Fionnula Bonicelli"
"Nikolia Safont","Mersey Kinlock"
"Nikolia Safont","Preston Fynan"
"Nikolia Safont","Rhetta Dyson"
"Nikolia Safont","Bernard Gorriessen"
"Lucine Ramsay","Joletta Mailey"
"Lucine Ramsay","Aretha Brooksby"
"Lucine Ramsay","Vaughn Pallant"
"Lucine Ramsay","Hermy Birkhead"
"Lucine Ramsay","Edithe Weiser"
"Lucine Ramsay","Cheryl Blakiston"
"Lucine Ramsay","Erhart Copozio"
"Lucine Ramsay","Amalle Gribben"
"Lucine Ramsay","Karim Geggus"
"Lucine Ramsay","Allyn Sancho"
"Lucine Ramsay","Robinetta Sailor"
"Lucine Ramsay","Dunn Pinnere"
"Lucine Ramsay","Nalani Scardifield"
"Lucine Ramsay","Niki MacPake"
"Lucine Ramsay","Concordia Myles"
"Lucine Ramsay","Lisle Weekes"
"Lucine Ramsay","Cristal Reavell"
"Lucine Ramsay","Jacintha Doniso"
"Lucine Ramsay","Aubrette Windeatt"
"Lucine Ramsay","Georgine Bagshaw"
"Lucine Ramsay","Fanny Trewhela"
"Lucine Ramsay","Berkie Grabeham"
"Lucine Ramsay","Preston Fynan"
"Lucine Ramsay","Elizabeth Dinsmore"
"Lucine Ramsay","Sybyl Randles"
"Lucine Ramsay","Leon Blumsom"
"Lucine Ramsay","Gae Posselt"
"Edithe Weiser","Lucine Ramsay"
"Edithe Weiser","Hedda Andrault"
"Edithe Weiser","Angelita Vallentin"
"Edithe Weiser","Robinetta Sailor"
"Edithe Weiser","Mitchel Maruska"
"Edithe Weiser","Denys Shapcote"
"Edithe Weiser","Bar Spedroni"
"Edithe Weiser","Sharla Puckrin"
"Edithe Weiser","Guglielma Antoniottii"
"Edithe Weiser","Foster Durand"
"Edithe Weiser","Briggs Hellin"
"Edithe Weiser","Concordia Myles"
"Edithe Weiser","Tammie Lattimer"
"Edithe Weiser","Tova Sworn"
"Edithe Weiser","Beilul Girkins"
"Edithe Weiser","Aubrette Windeatt"
"Edithe Weiser","Chicky Ancliffe"
"Edithe Weiser","Delia Wintour"
"Edithe Weiser","Wilbur Toffoletto"
"Hedda Andrault","Hiram Sissons"
"Hedda Andrault","Mayor Lamont"
"Hedda Andrault","Angelita Vallentin"
"Hedda Andrault","Robinetta Sailor"
"Hedda Andrault","Dunn Pinnere"
"Hedda Andrault","Niki MacPake"
"Hedda Andrault","Sharla Puckrin"
"Hedda Andrault","Daveta Rannells"
"Hedda Andrault","Guglielma Antoniottii"
"Hedda Andrault","Lisle Weekes"
"Hedda Andrault","Alberik Joynson"
"Hedda Andrault","Maxie Watsham"
"Hedda Andrault","Tova Sworn"
"Hedda Andrault","Jacintha Doniso"
"Hedda Andrault","Marylin Ducket"
"Hedda Andrault","Fanny Trewhela"
"Hedda Andrault","Berkie Grabeham"
"Hedda Andrault","Rhetta Dyson"
"Hedda Andrault","Bernard Gorriessen"
"Hedda Andrault","Vicki Matteo"
"Hedda Andrault","Gae Posselt"
"Hedda Andrault","Carolina Ewbanks"
"Hedda Andrault","Billie Beynkn"
"Nadia Ayree","Joletta Mailey"
"Nadia Ayree","Aguistin Gilmore"
"Nadia Ayree","Mayor Lamont"
"Nadia Ayree","Crista Krzysztof"
"Nadia Ayree","Milena Cogswell"
"Nadia Ayree","Amalle Gribben"
"Nadia Ayree","Nalani Scardifield"
"Nadia Ayree","Garvy Sloey"
"Nadia Ayree","Bengt Prator"
"Nadia Ayree","Porter Newing"
"Nadia Ayree","Alberik Joynson"
"Nadia Ayree","Cristal Reavell"
"Nadia Ayree","Maxie Watsham"
"Nadia Ayree","Burg Donat"
"Nadia Ayree","Fionnula Bonicelli"
"Nadia Ayree","Tova Sworn"
"Nadia Ayree","Chicky Ancliffe"
"Nadia Ayree","Berkie Grabeham"
"Nadia Ayree","Kimberli Feander"
"Nadia Ayree","Vicki Matteo"
"Nadia Ayree","Lilith Sudy"
"Nadia Ayree","Wilbur Toffoletto"
"Sullivan Alpin","Joletta Mailey"
"Sullivan Alpin","Hiram Sissons"
"Sullivan Alpin","Hermy Birkhead"
"Sullivan Alpin","Cheryl Blakiston"
"Sullivan Alpin","Angelita Vallentin"
"Sullivan Alpin","Allyn Sancho"
"Sullivan Alpin","Averill Gregg"
"Sullivan Alpin","Denys Shapcote"
"Sullivan Alpin","Niki MacPake"
"Sullivan Alpin","Foster Durand"
"Sullivan Alpin","Lisle Weekes"
"Sullivan Alpin","Cristal Reavell"
"Sullivan Alpin","Tova Sworn"
"Sullivan Alpin","Jacintha Doniso"
"Sullivan Alpin","Beilul Girkins"
"Sullivan Alpin","Chicky Ancliffe"
"Sullivan Alpin","Preston Fynan"
"Sullivan Alpin","Rhetta Dyson"
"Sullivan Alpin","Sybyl Randles"
"Sullivan Alpin","Billie Beynkn"
"Marisa McMennum","Kathryne Goodrich"
"Marisa McMennum","Zitella Gawthorp"
"Marisa McMennum","Alick Wanless"
"Marisa McMennum","Sullivan Alpin"
"Marisa McMennum","Allyn Sancho"
"Marisa McMennum","Mitchel Maruska"
"Marisa McMennum","Denys Shapcote"
"Marisa McMennum","Garvy Sloey"
"Marisa McMennum","Bar Spedroni"
"Marisa McMennum","Sharla Puckrin"
"Marisa McMennum","Concordia Myles"
"Marisa McMennum","Beilul Girkins"
"Marisa McMennum","Mersey Kinlock"
"Marisa McMennum","Aubrette Windeatt"
"Marisa McMennum","Rhetta Dyson"
"Marisa McMennum","Sybyl Randles"
"Marisa McMennum","Cordelie Maryott"
"Marisa McMennum","Gae Posselt"
"Cheryl Blakiston","Hiram Sissons"
"Cheryl Blakiston","Lacy Noah"
"Cheryl Blakiston","Crista Krzysztof"
"Cheryl Blakiston","Raphaela Mathis"
"Cheryl Blakiston","Amalle Gribben"
"Cheryl Blakiston","Korry Kears"
"Cheryl Blakiston","Niki MacPake"
"Cheryl Blakiston","Bengt Prator"
"Cheryl Blakiston","Briggs Hellin"
"Cheryl Blakiston","Fionnula Bonicelli"
"Cheryl Blakiston","Tova Sworn"
"Cheryl Blakiston","Rance O' Molan"
"Cheryl Blakiston","Preston Fynan"
"Cheryl Blakiston","Rhetta Dyson"
"Cheryl Blakiston","Elizabeth Dinsmore"
"Cheryl Blakiston","Sybyl Randles"
"Cheryl Blakiston","Gae Posselt"
"Cheryl Blakiston","Carolina Ewbanks"
"Angelita Vallentin","Richard Gilfillan"
"Angelita Vallentin","Nydia Merrikin"
"Angelita Vallentin","Alick Wanless"
"Angelita Vallentin","Marisa McMennum"
"Angelita Vallentin","Cheryl Blakiston"
"Angelita Vallentin","Amalle Gribben"
"Angelita Vallentin","Karim Geggus"
"Angelita Vallentin","Averill Gregg"
"Angelita Vallentin","Georgeanne Rowbury"
"Angelita Vallentin","Nalani Scardifield"
"Angelita Vallentin","Garvy Sloey"
"Angelita Vallentin","Bar Spedroni"
"Angelita Vallentin","Guglielma Antoniottii"
"Angelita Vallentin","Bengt Prator"
"Angelita Vallentin","Porter Newing"
"Angelita Vallentin","Alberik Joynson"
"Angelita Vallentin","Tammie Lattimer"
"Angelita Vallentin","Chicky Ancliffe"
"Angelita Vallentin","Berkie Grabeham"
"Angelita Vallentin","Early Letixier"
"Angelita Vallentin","Leon Blumsom"
"Angelita Vallentin","Gae Posselt"
"Raphaela Mathis","Richard Gilfillan"
"Raphaela Mathis","Hiram Sissons"
"Raphaela Mathis","Nydia Merrikin"
"Raphaela Mathis","Zitella Gawthorp"
"Raphaela Mathis","Mayor Lamont"
"Raphaela Mathis","Nani Heyball"
"Raphaela Mathis","Crista Krzysztof"
"Raphaela Mathis","Sullivan Alpin"
"Raphaela Mathis","Angelita Vallentin"
"Raphaela Mathis","Averill Gregg"
"Raphaela Mathis","Mitchel Maruska"
"Raphaela Mathis","Nalani Scardifield"
"Raphaela Mathis","Garvy Sloey"
"Raphaela Mathis","Shani Garett"
"Raphaela Mathis","Niki MacPake"
"Raphaela Mathis","Daveta Rannells"
"Raphaela Mathis","Foster Durand"
"Raphaela Mathis","Lisle Weekes"
"Raphaela Mathis","Porter Newing"
"Raphaela Mathis","Alberik Joynson"
"Raphaela Mathis","Georgine Bagshaw"
"Raphaela Mathis","Elizabeth Dinsmore"
"Raphaela Mathis","Early Letixier"
"Raphaela Mathis","Kimberli Feander"
"Raphaela Mathis","Vicki Matteo"
"Raphaela Mathis","Cordelie Maryott"
"Raphaela Mathis","Wilbur Toffoletto"
"Raphaela Mathis","Billie Beynkn"
"Erhart Copozio","Alick Wanless"
"Erhart Copozio","Sullivan Alpin"
"Erhart Copozio","Raphaela Mathis"
"Erhart Copozio","Averill Gregg"
"Erhart Copozio","Georgeanne Rowbury"
"Erhart Copozio","Nalani Scardifield"
"Erhart Copozio","Korry Kears"
"Erhart Copozio","Garvy Sloey"
"Erhart Copozio","Niki MacPake"
"Erhart Copozio","Sharla Puckrin"
"Erhart Copozio","Daveta Rannells"
"Erhart Copozio","Bengt Prator"
"Erhart Copozio","Briggs Hellin"
"Erhart Copozio","Lisle Weekes"
"Erhart Copozio","Porter Newing"
"Erhart Copozio","Maxie Watsham"
"Erhart Copozio","Fionnula Bonicelli"
"Erhart Copozio","Georgine Bagshaw"
"Erhart Copozio","Fanny Trewhela"
"Erhart Copozio","Berkie Grabeham"
"Erhart Copozio","Katha Cushelly"
"Erhart Copozio","Bernard Gorriessen"
"Erhart Copozio","Cordelie Maryott"
"Erhart Copozio","Gae Posselt"
"Erhart Copozio","Carolina Ewbanks"
"Amalle Gribben","Joletta Mailey"
"Amalle Gribben","Lacy Noah"
"Amalle Gribben","Aguistin Gilmore"
"Amalle Gribben","Zitella Gawthorp"
"Amalle Gribben","Alick Wanless"
"Amalle Gribben","Lucine Ramsay"
"Amalle Gribben","Hedda Andrault"
"Amalle Gribben","Cheryl Blakiston"
"Amalle Gribben","Georgeanne Rowbury"
"Amalle Gribben","Nalani Scardifield"
"Amalle Gribben","Bar Spedroni"
"Amalle Gribben","Sharla Puckrin"
"Amalle Gribben","Foster Durand"
"Amalle Gribben","Lisle Weekes"
"Amalle Gribben","Alberik Joynson"
"Amalle Gribben","Tammie Lattimer"
"Amalle Gribben","Cristal Reavell"
"Amalle Gribben","Bern Oboy"
"Amalle Gribben","Jacintha Doniso"
"Amalle Gribben","Mersey Kinlock"
"Amalle Gribben","Rance O' Molan"
"Amalle Gribben","Berkie Grabeham"
"Amalle Gribben","Katha Cushelly"
"Amalle Gribben","Elizabeth Dinsmore"
"Amalle Gribben","Bernard Gorriessen"
"Amalle Gribben","Sybyl Randles"
"Amalle Gribben","Lilith Sudy"
"Karim Geggus","Sargent Wareham"
"Karim Geggus","Aretha Brooksby"
"Karim Geggus","Vaughn Pallant"
"Karim Geggus","Alick Wanless"
"Karim Geggus","Hermy Birkhead"
"Karim Geggus","Milena Cogswell"
"Karim Geggus","Robinetta Sailor"
"Karim Geggus","Averill Gregg"
"Karim Geggus","Denys Shapcote"
"Karim Geggus","Garvy Sloey"
"Karim Geggus","Shani Garett"
"Karim Geggus","Bengt Prator"
"Karim Geggus","Tammie Lattimer"
"Karim Geggus","Burg Donat"
"Karim Geggus","Beilul Girkins"
"Karim Geggus","Marylin Ducket"
"Karim Geggus","Chicky Ancliffe"
"Karim Geggus","Georgine Bagshaw"
"Karim Geggus","Preston Fynan"
"Karim Geggus","Rhetta Dyson"
"Karim Geggus","Bernard Gorriessen"
"Karim Geggus","Early Letixier"
"Karim Geggus","Leon Blumsom"
"Karim Geggus","Delia Wintour"
"Allyn Sancho","Nydia Merrikin"
"Allyn Sancho","Aretha Brooksby"
"Allyn Sancho","Aguistin Gilmore"
"Allyn Sancho","Zitella Gawthorp"
"Allyn Sancho","Mayor Lamont"
"Allyn Sancho","Crista Krzysztof"
"Allyn Sancho","Marisa McMennum"
"Allyn Sancho","Angelita Vallentin"
"Allyn Sancho","Georgeanne Rowbury"
"Allyn Sancho","Cristal Reavell"
"Allyn Sancho","Bern Oboy"
"Allyn Sancho","Katha Cushelly"
"Allyn Sancho","Bernard Gorriessen"
"Allyn Sancho","Kimberli Feander"
"Allyn Sancho","Leon Blumsom"
"Allyn Sancho","Lilith Sudy"
"Allyn Sancho","Wilbur Toffoletto"
"Robinetta Sailor","Vaughn Pallant"
"Robinetta Sailor","Zitella Gawthorp"
"Robinetta Sailor","Mayor Lamont"
"Robinetta Sailor","Nani Heyball"
"Robinetta Sailor","Milena Cogswell"
"Robinetta Sailor","Nikolia Safont"
"Robinetta Sailor","Edithe Weiser"
"Robinetta Sailor","Angelita Vallentin"
"Robinetta Sailor","Raphaela Mathis"
"Robinetta Sailor","Erhart Copozio"
"Robinetta Sailor","Korry Kears"
"Robinetta Sailor","Garvy Sloey"
"Robinetta Sailor","Guglielma Antoniottii"
"Robinetta Sailor","Foster Durand"
"Robinetta Sailor","Concordia Myles"
"Robinetta Sailor","Lisle Weekes"
"Robinetta Sailor","Tammie Lattimer"
"Robinetta Sailor","Bern Oboy"
"Robinetta Sailor","Tova Sworn"
"Robinetta Sailor","Neysa Danilchenko"
"Robinetta Sailor","Chicky Ancliffe"
"Robinetta Sailor","Berkie Grabeham"
"Robinetta Sailor","Elizabeth Dinsmore"
"Robinetta Sailor","Kimberli Feander"
"Robinetta Sailor","Leon Blumsom"
"Dunn Pinnere","Richard Gilfillan"
"Dunn Pinnere","Sargent Wareham"
"Dunn Pinnere","Aretha Brooksby"
"Dunn Pinnere","Vaughn Pallant"
"Dunn Pinnere","Crista Krzysztof"
"Dunn Pinnere","Edithe Weiser"
"Dunn Pinnere","Karim Geggus"
"Dunn Pinnere","Denys Shapcote"
"Dunn Pinnere","Garvy Sloey"
"Dunn Pinnere","Sharla Puckrin"
"Dunn Pinnere","Foster Durand"
"Dunn Pinnere","Tammie Lattimer"
"Dunn Pinnere","Fionnula Bonicelli"
"Dunn Pinnere","Tova Sworn"
"Dunn Pinnere","Beilul Girkins"
"Dunn Pinnere","Mersey Kinlock"
"Dunn Pinnere","Aubrette Windeatt"
"Dunn Pinnere","Rhetta Dyson"
"Dunn Pinnere","Early Letixier"
"Dunn Pinnere","Sybyl Randles"
"Dunn Pinnere","Lilith Sudy"
"Dunn Pinnere","Gae Posselt"
"Dunn Pinnere","Delia Wintour"
"Averill Gregg","Aguistin Gilmore"
"Averill Gregg","Alick Wanless"
"Averill Gregg","Nani Heyball"
"Averill Gregg","Hermy Birkhead"
"Averill Gregg","Edithe Weiser"
"Averill Gregg","Sullivan Alpin"
"Averill Gregg","Allyn Sancho"
"Averill Gregg","Georgeanne Rowbury"
"Averill Gregg","Mitchel Maruska"
"Averill Gregg","Sharla Puckrin"
"Averill Gregg","Alberik Joynson"
"Averill Gregg","Cristal Reavell"
"Averill Gregg","Fionnula Bonicelli"
"Averill Gregg","Mersey Kinlock"
"Averill Gregg","Rance O' Molan"
"Averill Gregg","Bernard Gorriessen"
"Averill Gregg","Sybyl Randles"
"Averill Gregg","Vicki Matteo"
"Georgeanne Rowbury","Nydia Merrikin"
"Georgeanne Rowbury","Lacy Noah"
"Georgeanne Rowbury","Kathryne Goodrich"
"Georgeanne Rowbury","Aretha Brooksby"
"Georgeanne Rowbury","Alick Wanless"
"Georgeanne Rowbury","Lucine Ramsay"
"Georgeanne Rowbury","Hedda Andrault"
"Georgeanne Rowbury","Marisa McMennum"
"Georgeanne Rowbury","Denys Shapcote"
"Georgeanne Rowbury","Niki MacPake"
"Georgeanne Rowbury","Sharla Puckrin"
"Georgeanne Rowbury","Porter Newing"
"Georgeanne Rowbury","Cristal Reavell"
"Georgeanne Rowbury","Marylin Ducket"
"Georgeanne Rowbury","Fanny Trewhela"
"Georgeanne Rowbury","Early Letixier"
"Georgeanne Rowbury","Kimberli Feander"
"Georgeanne Rowbury","Vicki Matteo"
"Georgeanne Rowbury","Billie Beynkn"
"Mitchel Maruska","Joletta Mailey"
"Mitchel Maruska","Zitella Gawthorp"
"Mitchel Maruska","Mayor Lamont"
"Mitchel Maruska","Lucine Ramsay"
"Mitchel Maruska","Hedda Andrault"
"Mitchel Maruska","Nadia Ayree"
"Mitchel Maruska","Angelita Vallentin"
"Mitchel Maruska","Allyn Sancho"
"Mitchel Maruska","Dunn Pinnere"
"Mitchel Maruska","Averill Gregg"
"Mitchel Maruska","Nalani Scardifield"
"Mitchel Maruska","Bengt Prator"
"Mitchel Maruska","Foster Durand"
"Mitchel Maruska","Porter Newing"
"Mitchel Maruska","Cristal Reavell"
"Mitchel Maruska","Bern Oboy"
"Mitchel Maruska","Marylin Ducket"
"Mitchel Maruska","Mersey Kinlock"
"Mitchel Maruska","Chicky Ancliffe"
"Mitchel Maruska","Sybyl Randles"
"Mitchel Maruska","Gae Posselt"
"Nalani Scardifield","Richard Gilfillan"
"Nalani Scardifield","Lacy Noah"
"Nalani Scardifield","Lucine Ramsay"
"Nalani Scardifield","Hedda Andrault"
"Nalani Scardifield","Nadia Ayree"
"Nalani Scardifield","Marisa McMennum"
"Nalani Scardifield","Erhart Copozio"
"Nalani Scardifield","Amalle Gribben"
"Nalani Scardifield","Dunn Pinnere"
"Nalani Scardifield","Georgeanne Rowbury"
"Nalani Scardifield","Korry Kears"
"Nalani Scardifield","Bar Spedroni"
"Nalani Scardifield","Guglielma Antoniottii"
"Nalani Scardifield","Porter Newing"
"Nalani Scardifield","Maxie Watsham"
"Nalani Scardifield","Neysa Danilchenko"
"Nalani Scardifield","Marylin Ducket"
"Nalani Scardifield","Berkie Grabeham"
"Nalani Scardifield","Bernard Gorriessen"
"Nalani Scardifield","Early Letixier"
"Nalani Scardifield","Sybyl Randles"
"Nalani Scardifield","Vicki Matteo"
"Korry Kears","Joletta Mailey"
"Korry Kears","Hiram Sissons"
"Korry Kears","Nydia Merrikin"
"Korry Kears","Aretha Brooksby"
"Korry Kears","Mayor Lamont"
"Korry Kears","Mitchel Maruska"
"Korry Kears","Nalani Scardifield"
"Korry Kears","Bar Spedroni"
"Korry Kears","Shani Garett"
"Korry Kears","Bengt Prator"
"Korry Kears","Cristal Reavell"
"Korry Kears","Burg Donat"
"Korry Kears","Jacintha Doniso"
"Korry Kears","Mersey Kinlock"
"Korry Kears","Elizabeth Dinsmore"
"Korry Kears","Early Letixier"
"Korry Kears","Sybyl Randles"
"Denys Shapcote","Sargent Wareham"
"Denys Shapcote","Vaughn Pallant"
"Denys Shapcote","Hedda Andrault"
"Denys Shapcote","Marisa McMennum"
"Denys Shapcote","Erhart Copozio"
"Denys Shapcote","Allyn Sancho"
"Denys Shapcote","Dunn Pinnere"
"Denys Shapcote","Averill Gregg"
"Denys Shapcote","Garvy Sloey"
"Denys Shapcote","Shani Garett"
"Denys Shapcote","Guglielma Antoniottii"
"Denys Shapcote","Porter Newing"
"Denys Shapcote","Maxie Watsham"
"Denys Shapcote","Bern Oboy"
"Denys Shapcote","Chicky Ancliffe"
"Denys Shapcote","Georgine Bagshaw"
"Denys Shapcote","Fanny Trewhela"
"Denys Shapcote","Preston Fynan"
"Denys Shapcote","Bernard Gorriessen"
"Denys Shapcote","Early Letixier"
"Denys Shapcote","Cordelie Maryott"
"Garvy Sloey","Richard Gilfillan"
"Garvy Sloey","Nydia Merrikin"
"Garvy Sloey","Sargent Wareham"
"Garvy Sloey","Edithe Weiser"
"Garvy Sloey","Erhart Copozio"
"Garvy Sloey","Averill Gregg"
"Garvy Sloey","Mitchel Maruska"
"Garvy Sloey","Nalani Scardifield"
"Garvy Sloey","Shani Garett"
"Garvy Sloey","Tammie Lattimer"
"Garvy Sloey","Maxie Watsham"
"Garvy Sloey","Burg Donat"
"Garvy Sloey","Tova Sworn"
"Garvy Sloey","Marylin Ducket"
"Garvy Sloey","Rhetta Dyson"
"Garvy Sloey","Elizabeth Dinsmore"
"Garvy Sloey","Kimberli Feander"
"Garvy Sloey","Cordelie Maryott"
"Garvy Sloey","Billie Beynkn"
"Bar Spedroni","Joletta Mailey"
"Bar Spedroni","Lacy Noah"
"Bar Spedroni","Aretha Brooksby"
"Bar Spedroni","Vaughn Pallant"
"Bar Spedroni","Aguistin Gilmore"
"Bar Spedroni","Mayor Lamont"
"Bar Spedroni","Milena Cogswell"
"Bar Spedroni","Hedda Andrault"
"Bar Spedroni","Sullivan Alpin"
"Bar Spedroni","Angelita Vallentin"
"Bar Spedroni","Erhart Copozio"
"Bar Spedroni","Georgeanne Rowbury"
"Bar Spedroni","Nalani Scardifield"
"Bar Spedroni","Shani Garett"
"Bar Spedroni","Niki MacPake"
"Bar Spedroni","Foster Durand"
"Bar Spedroni","Briggs Hellin"
"Bar Spedroni","Burg Donat"
"Bar Spedroni","Chicky Ancliffe"
"Bar Spedroni","Berkie Grabeham"
"Bar Spedroni","Bernard Gorriessen"
"Bar Spedroni","Leon Blumsom"
"Bar Spedroni","Gae Posselt"
"Bar Spedroni","Wilbur Toffoletto"
"Bar Spedroni","Billie Beynkn"
"Shani Garett","Joletta Mailey"
"Shani Garett","Aguistin Gilmore"
"Shani Garett","Alick Wanless"
"Shani Garett","Hermy Birkhead"
"Shani Garett","Crista Krzysztof"
"Shani Garett","Nikolia Safont"
"Shani Garett","Hedda Andrault"
"Shani Garett","Niki MacPake"
"Shani Garett","Sharla Puckrin"
"Shani Garett","Concordia Myles"
"Shani Garett","Fionnula Bonicelli"
"Shani Garett","Mersey Kinlock"
"Shani Garett","Berkie Grabeham"
"Shani Garett","Elizabeth Dinsmore"
"Shani Garett","Early Letixier"
"Shani Garett","Kimberli Feander"
"Shani Garett","Cordelie Maryott"
"Niki MacPake","Richard Gilfillan"
"Niki MacPake","Sargent Wareham"
"Niki MacPake","Mayor Lamont"
"Niki MacPake","Nani Heyball"
"Niki MacPake","Nikolia Safont"
"Niki MacPake","Edithe Weiser"
"Niki MacPake","Hedda Andrault"
"Niki MacPake","Angelita Vallentin"
"Niki MacPake","Allyn Sancho"
"Niki MacPake","Georgeanne Rowbury"
"Niki MacPake","Briggs Hellin"
"Niki MacPake","Porter Newing"
"Niki MacPake","Alberik Joynson"
"Niki MacPake","Maxie Watsham"
"Niki MacPake","Burg Donat"
"Niki MacPake","Neysa Danilchenko"
"Niki MacPake","Rance O' Molan"
"Niki MacPake","Georgine Bagshaw"
"Niki MacPake","Kimberli Feander"
"Niki MacPake","Leon Blumsom"
"Niki MacPake","Lilith Sudy"
"Niki MacPake","Gae Posselt"
"Niki MacPake","Wilbur Toffoletto"
"Sharla Puckrin","Joletta Mailey"
"Sharla Puckrin","Lacy Noah"
"Sharla Puckrin","Aretha Brooksby"
"Sharla Puckrin","Lucine Ramsay"
"Sharla Puckrin","Edithe Weiser"
"Sharla Puckrin","Angelita Vallentin"
"Sharla Puckrin","Allyn Sancho"
"Sharla Puckrin","Dunn Pinnere"
"Sharla Puckrin","Georgeanne Rowbury"
"Sharla Puckrin","Mitchel Maruska"
"Sharla Puckrin","Korry Kears"
"Sharla Puckrin","Denys Shapcote"
"Sharla Puckrin","Briggs Hellin"
"Sharla Puckrin","Porter Newing"
"Sharla Puckrin","Cristal Reavell"
"Sharla Puckrin","Neysa Danilchenko"
"Sharla Puckrin","Fanny Trewhela"
"Sharla Puckrin","Elizabeth Dinsmore"
"Sharla Puckrin","Early Letixier"
"Sharla Puckrin","Kimberli Feander"
"Sharla Puckrin","Leon Blumsom"
"Sharla Puckrin","Wilbur Toffoletto"
"Sharla Puckrin","Billie Beynkn"
"Daveta Rannells","Joletta Mailey"
"Daveta Rannells","Sargent Wareham"
"Daveta Rannells","Vaughn Pallant"
"Daveta Rannells","Milena Cogswell"
"Daveta Rannells","Lucine Ramsay"
"Daveta Rannells","Edithe Weiser"
"Daveta Rannells","Allyn Sancho"
"Daveta Rannells","Georgeanne Rowbury"
"Daveta Rannells","Mitchel Maruska"
"Daveta Rannells","Nalani Scardifield"
"Daveta Rannells","Shani Garett"
"Daveta Rannells","Guglielma Antoniottii"
"Daveta Rannells","Foster Durand"
"Daveta Rannells","Briggs Hellin"
"Daveta Rannells","Lisle Weekes"
"Daveta Rannells","Beilul Girkins"
"Daveta Rannells","Marylin Ducket"
"Daveta Rannells","Rance O' Molan"
"Daveta Rannells","Fanny Trewhela"
"Daveta Rannells","Bernard Gorriessen"
"Daveta Rannells","Sybyl Randles"
"Daveta Rannells","Kimberli Feander"
"Daveta Rannells","Lilith Sudy"
"Daveta Rannells","Carolina Ewbanks"
"Guglielma Antoniottii","Richard Gilfillan"
"Guglielma Antoniottii","Aguistin Gilmore"
"Guglielma Antoniottii","Nikolia Safont"
"Guglielma Antoniottii","Edithe Weiser"
"Guglielma Antoniottii","Nadia Ayree"
"Guglielma Antoniottii","Sullivan Alpin"
"Guglielma Antoniottii","Cheryl Blakiston"
"Guglielma Antoniottii","Karim Geggus"
"Guglielma Antoniottii","Robinetta Sailor"
"Guglielma Antoniottii","Garvy Sloey"
"Guglielma Antoniottii","Bar Spedroni"
"Guglielma Antoniottii","Shani Garett"
"Guglielma Antoniottii","Cristal Reavell"
"Guglielma Antoniottii","Georgine Bagshaw"
"Guglielma Antoniottii","Katha Cushelly"
"Guglielma Antoniottii","Elizabeth Dinsmore"
"Guglielma Antoniottii","Bernard Gorriessen"
"Guglielma Antoniottii","Leon Blumsom"
"Bengt Prator","Hiram Sissons"
"Bengt Prator","Lacy Noah"
"Bengt Prator","Vaughn Pallant"
"Bengt Prator","Aguistin Gilmore"
"Bengt Prator","Nikolia Safont"
"Bengt Prator","Lucine Ramsay"
"Bengt Prator","Angelita Vallentin"
"Bengt Prator","Amalle Gribben"
"Bengt Prator","Allyn Sancho"
"Bengt Prator","Robinetta Sailor"
"Bengt Prator","Mitchel Maruska"
"Bengt Prator","Alberik Joynson"
"Bengt Prator","Cristal Reavell"
"Bengt Prator","Maxie Watsham"
"Bengt Prator","Tova Sworn"
"Bengt Prator","Beilul Girkins"
"Bengt Prator","Georgine Bagshaw"
"Bengt Prator","Early Letixier"
"Bengt Prator","Vicki Matteo"
"Bengt Prator","Carolina Ewbanks"
"Foster Durand","Aguistin Gilmore"
"Foster Durand","Crista Krzysztof"
"Foster Durand","Milena Cogswell"
"Foster Durand","Lucine Ramsay"
"Foster Durand","Hedda Andrault"
"Foster Durand","Marisa McMennum"
"Foster Durand","Erhart Copozio"
"Foster Durand","Amalle Gribben"
"Foster Durand","Allyn Sancho"
"Foster Durand","Mitchel Maruska"
"Foster Durand","Nalani Scardifield"
"Foster Durand","Korry Kears"
"Foster Durand","Garvy Sloey"
"Foster Durand","Bar Spedroni"
"Foster Durand","Bengt Prator"
"Foster Durand","Lisle Weekes"
"Foster Durand","Marylin Ducket"
"Foster Durand","Mersey Kinlock"
"Foster Durand","Chicky Ancliffe"
"Foster Durand","Berkie Grabeham"
"Foster Durand","Rhetta Dyson"
"Foster Durand","Bernard Gorriessen"
"Foster Durand","Kimberli Feander"
"Foster Durand","Leon Blumsom"
"Foster Durand","Billie Beynkn"
"Briggs Hellin","Richard Gilfillan"
"Briggs Hellin","Joletta Mailey"
"Briggs Hellin","Kathryne Goodrich"
"Briggs Hellin","Vaughn Pallant"
"Briggs Hellin","Hedda Andrault"
"Briggs Hellin","Nadia Ayree"
"Briggs Hellin","Marisa McMennum"
"Briggs Hellin","Angelita Vallentin"
"Briggs Hellin","Allyn Sancho"
"Briggs Hellin","Mitchel Maruska"
"Briggs Hellin","Sharla Puckrin"
"Briggs Hellin","Guglielma Antoniottii"
"Briggs Hellin","Cristal Reavell"
"Briggs Hellin","Maxie Watsham"
"Briggs Hellin","Chicky Ancliffe"
"Briggs Hellin","Georgine Bagshaw"
"Briggs Hellin","Preston Fynan"
"Briggs Hellin","Rhetta Dyson"
"Briggs Hellin","Bernard Gorriessen"
"Briggs Hellin","Vicki Matteo"
"Briggs Hellin","Carolina Ewbanks"
"Concordia Myles","Hiram Sissons"
"Concordia Myles","Nydia Merrikin"
"Concordia Myles","Alick Wanless"
"Concordia Myles","Milena Cogswell"
"Concordia Myles","Lucine Ramsay"
"Concordia Myles","Erhart Copozio"
"Concordia Myles","Allyn Sancho"
"Concordia Myles","Georgeanne Rowbury"
"Concordia Myles","Garvy Sloey"
"Concordia Myles","Shani Garett"
"Concordia Myles","Bengt Prator"
"Concordia Myles","Porter Newing"
"Concordia Myles","Alberik Joynson"
"Concordia Myles","Bern Oboy"
"Concordia Myles","Burg Donat"
"Concordia Myles","Kimberli Feander"
"Concordia Myles","Delia Wintour"
"Lisle Weekes","Joletta Mailey"
"Lisle Weekes","Hiram Sissons"
"Lisle Weekes","Nydia Merrikin"
"Lisle Weekes","Vaughn Pallant"
"Lisle Weekes","Zitella Gawthorp"
"Lisle Weekes","Alick Wanless"
"Lisle Weekes","Hermy Birkhead"
"Lisle Weekes","Lucine Ramsay"
"Lisle Weekes","Hedda Andrault"
"Lisle Weekes","Sullivan Alpin"
"Lisle Weekes","Erhart Copozio"
"Lisle Weekes","Denys Shapcote"
"Lisle Weekes","Garvy Sloey"
"Lisle Weekes","Shani Garett"
"Lisle Weekes","Niki MacPake"
"Lisle Weekes","Briggs Hellin"
"Lisle Weekes","Concordia Myles"
"Lisle Weekes","Porter Newing"
"Lisle Weekes","Alberik Joynson"
"Lisle Weekes","Fionnula Bonicelli"
"Lisle Weekes","Neysa Danilchenko"
"Lisle Weekes","Mersey Kinlock"
"Lisle Weekes","Katha Cushelly"
"Lisle Weekes","Early Letixier"
"Lisle Weekes","Sybyl Randles"
"Lisle Weekes","Kimberli Feander"
"Lisle Weekes","Gae Posselt"
"Lisle Weekes","Wilbur Toffoletto"
"Porter Newing","Richard Gilfillan"
"Porter Newing","Alick Wanless"
"Porter Newing","Mayor Lamont"
"Porter Newing","Angelita Vallentin"
"Porter Newing","Guglielma Antoniottii"
"Porter Newing","Briggs Hellin"
"Porter Newing","Burg Donat"
"Porter Newing","Chicky Ancliffe"
"Porter Newing","Georgine Bagshaw"
"Porter Newing","Fanny Trewhela"
"Porter Newing","Elizabeth Dinsmore"
"Porter Newing","Lilith Sudy"
"Porter Newing","Carolina Ewbanks"
"Alberik Joynson","Richard Gilfillan"
"Alberik Joynson","Nydia Merrikin"
"Alberik Joynson","Aguistin Gilmore"
"Alberik Joynson","Milena Cogswell"
"Alberik Joynson","Nadia Ayree"
"Alberik Joynson","Marisa McMennum"
"Alberik Joynson","Raphaela Mathis"
"Alberik Joynson","Robinetta Sailor"
"Alberik Joynson","Korry Kears"
"Alberik Joynson","Garvy Sloey"
"Alberik Joynson","Shani Garett"
"Alberik Joynson","Niki MacPake"
"Alberik Joynson","Sharla Puckrin"
"Alberik Joynson","Briggs Hellin"
"Alberik Joynson","Lisle Weekes"
"Alberik Joynson","Maxie Watsham"
"Alberik Joynson","Fionnula Bonicelli"
"Alberik Joynson","Rance O' Molan"
"Alberik Joynson","Georgine Bagshaw"
"Alberik Joynson","Berkie Grabeham"
"Alberik Joynson","Sybyl Randles"
"Alberik Joynson","Cordelie Maryott"
"Tammie Lattimer","Nydia Merrikin"
"Tammie Lattimer","Lacy Noah"
"Tammie Lattimer","Aguistin Gilmore"
"Tammie Lattimer","Hermy Birkhead"
"Tammie Lattimer","Lucine Ramsay"
"Tammie Lattimer","Hedda Andrault"
"Tammie Lattimer","Angelita Vallentin"
"Tammie Lattimer","Mitchel Maruska"
"Tammie Lattimer","Nalani Scardifield"
"Tammie Lattimer","Bar Spedroni"
"Tammie Lattimer","Marylin Ducket"
"Tammie Lattimer","Aubrette Windeatt"
"Tammie Lattimer","Rance O' Molan"
"Tammie Lattimer","Georgine Bagshaw"
"Tammie Lattimer","Fanny Trewhela"
"Tammie Lattimer","Preston Fynan"
"Tammie Lattimer","Rhetta Dyson"
"Tammie Lattimer","Katha Cushelly"
"Tammie Lattimer","Early Letixier"
"Tammie Lattimer","Kimberli Feander"
"Tammie Lattimer","Vicki Matteo"
"Tammie Lattimer","Leon Blumsom"
"Tammie Lattimer","Cordelie Maryott"
"Tammie Lattimer","Gae Posselt"
"Tammie Lattimer","Carolina Ewbanks"
"Cristal Reavell","Richard Gilfillan"
"Cristal Reavell","Sargent Wareham"
"Cristal Reavell","Milena Cogswell"
"Cristal Reavell","Lucine Ramsay"
"Cristal Reavell","Edithe Weiser"
"Cristal Reavell","Sullivan Alpin"
"Cristal Reavell","Marisa McMennum"
"Cristal Reavell","Angelita Vallentin"
"Cristal Reavell","Georgeanne Rowbury"
"Cristal Reavell","Mitchel Maruska"
"Cristal Reavell","Denys Shapcote"
"Cristal Reavell","Garvy Sloey"
"Cristal Reavell","Shani Garett"
"Cristal Reavell","Lisle Weekes"
"Cristal Reavell","Tammie Lattimer"
"Cristal Reavell","Neysa Danilchenko"
"Cristal Reavell","Mersey Kinlock"
"Cristal Reavell","Chicky Ancliffe"
"Cristal Reavell","Rhetta Dyson"
"Cristal Reavell","Early Letixier"
"Cristal Reavell","Kimberli Feander"
"Cristal Reavell","Vicki Matteo"
"Cristal Reavell","Delia Wintour"
"Maxie Watsham","Nydia Merrikin"
"Maxie Watsham","Sargent Wareham"
"Maxie Watsham","Kathryne Goodrich"
"Maxie Watsham","Aretha Brooksby"
"Maxie Watsham","Alick Wanless"
"Maxie Watsham","Hermy Birkhead"
"Maxie Watsham","Milena Cogswell"
"Maxie Watsham","Marisa McMennum"
"Maxie Watsham","Angelita Vallentin"
"Maxie Watsham","Nalani Scardifield"
"Maxie Watsham","Denys Shapcote"
"Maxie Watsham","Sharla Puckrin"
"Maxie Watsham","Lisle Weekes"
"Maxie Watsham","Alberik Joynson"
"Maxie Watsham","Tammie Lattimer"
"Maxie Watsham","Cristal Reavell"
"Maxie Watsham","Tova Sworn"
"Maxie Watsham","Georgine Bagshaw"
"Maxie Watsham","Fanny Trewhela"
"Maxie Watsham","Preston Fynan"
"Maxie Watsham","Katha Cushelly"
"Maxie Watsham","Elizabeth Dinsmore"
"Maxie Watsham","Sybyl Randles"
"Maxie Watsham","Vicki Matteo"
"Maxie Watsham","Cordelie Maryott"
"Bern Oboy","Hiram Sissons"
"Bern Oboy","Aguistin Gilmore"
"Bern Oboy","Alick Wanless"
"Bern Oboy","Mayor Lamont"
"Bern Oboy","Nani Heyball"
"Bern Oboy","Hermy Birkhead"
"Bern Oboy","Crista Krzysztof"
"Bern Oboy","Milena Cogswell"
"Bern Oboy","Nikolia Safont"
"Bern Oboy","Sullivan Alpin"
"Bern Oboy","Marisa McMennum"
"Bern Oboy","Robinetta Sailor"
"Bern Oboy","Georgeanne Rowbury"
"Bern Oboy","Denys Shapcote"
"Bern Oboy","Foster Durand"
"Bern Oboy","Porter Newing"
"Bern Oboy","Tammie Lattimer"
"Bern Oboy","Cristal Reavell"
"Bern Oboy","Tova Sworn"
"Bern Oboy","Rance O' Molan"
"Bern Oboy","Bernard Gorriessen"
"Bern Oboy","Early Letixier"
"Bern Oboy","Vicki Matteo"
"Bern Oboy","Lilith Sudy"
"Bern Oboy","Billie Beynkn"
"Burg Donat","Richard Gilfillan"
"Burg Donat","Hiram Sissons"
"Burg Donat","Nydia Merrikin"
"Burg Donat","Kathryne Goodrich"
"Burg Donat","Vaughn Pallant"
"Burg Donat","Nikolia Safont"
"Burg Donat","Marisa McMennum"
"Burg Donat","Angelita Vallentin"
"Burg Donat","Mitchel Maruska"
"Burg Donat","Garvy Sloey"
"Burg Donat","Bar Spedroni"
"Burg Donat","Daveta Rannells"
"Burg Donat","Guglielma Antoniottii"
"Burg Donat","Briggs Hellin"
"Burg Donat","Porter Newing"
"Burg Donat","Cristal Reavell"
"Burg Donat","Maxie Watsham"
"Burg Donat","Aubrette Windeatt"
"Burg Donat","Georgine Bagshaw"
"Burg Donat","Cordelie Maryott"
"Burg Donat","Carolina Ewbanks"
"Fionnula Bonicelli","Richard Gilfillan"
"Fionnula Bonicelli","Lacy Noah"
"Fionnula Bonicelli","Hermy Birkhead"
"Fionnula Bonicelli","Edithe Weiser"
"Fionnula Bonicelli","Nadia Ayree"
"Fionnula Bonicelli","Marisa McMennum"
"Fionnula Bonicelli","Cheryl Blakiston"
"Fionnula Bonicelli","Erhart Copozio"
"Fionnula Bonicelli","Shani Garett"
"Fionnula Bonicelli","Niki MacPake"
"Fionnula Bonicelli","Sharla Puckrin"
"Fionnula Bonicelli","Porter Newing"
"Fionnula Bonicelli","Tammie Lattimer"
"Fionnula Bonicelli","Tova Sworn"
"Fionnula Bonicelli","Beilul Girkins"
"Fionnula Bonicelli","Fanny Trewhela"
"Fionnula Bonicelli","Elizabeth Dinsmore"
"Fionnula Bonicelli","Leon Blumsom"
"Fionnula Bonicelli","Delia Wintour"
"Fionnula Bonicelli","Carolina Ewbanks"
"Fionnula Bonicelli","Billie Beynkn"
"Tova Sworn","Hiram Sissons"
"Tova Sworn","Sargent Wareham"
"Tova Sworn","Lacy Noah"
"Tova Sworn","Nikolia Safont"
"Tova Sworn","Lucine Ramsay"
"Tova Sworn","Marisa McMennum"
"Tova Sworn","Cheryl Blakiston"
"Tova Sworn","Nalani Scardifield"
"Tova Sworn","Denys Shapcote"
"Tova Sworn","Garvy Sloey"
"Tova Sworn","Niki MacPake"
"Tova Sworn","Guglielma Antoniottii"
"Tova Sworn","Tammie Lattimer"
"Tova Sworn","Maxie Watsham"
"Tova Sworn","Mersey Kinlock"
"Tova Sworn","Aubrette Windeatt"
"Tova Sworn","Georgine Bagshaw"
"Tova Sworn","Rhetta Dyson"
"Tova Sworn","Katha Cushelly"
"Tova Sworn","Lilith Sudy"
"Tova Sworn","Billie Beynkn"
"Jacintha Doniso","Joletta Mailey"
"Jacintha Doniso","Nydia Merrikin"
"Jacintha Doniso","Lacy Noah"
"Jacintha Doniso","Nani Heyball"
"Jacintha Doniso","Hermy Birkhead"
"Jacintha Doniso","Milena Cogswell"
"Jacintha Doniso","Nikolia Safont"
"Jacintha Doniso","Lucine Ramsay"
"Jacintha Doniso","Sullivan Alpin"
"Jacintha Doniso","Marisa McMennum"
"Jacintha Doniso","Allyn Sancho"
"Jacintha Doniso","Robinetta Sailor"
"Jacintha Doniso","Averill Gregg"
"Jacintha Doniso","Georgeanne Rowbury"
"Jacintha Doniso","Denys Shapcote"
"Jacintha Doniso","Bar Spedroni"
"Jacintha Doniso","Foster Durand"
"Jacintha Doniso","Alberik Joynson"
"Jacintha Doniso","Beilul Girkins"
"Jacintha Doniso","Aubrette Windeatt"
"Jacintha Doniso","Chicky Ancliffe"
"Neysa Danilchenko","Richard Gilfillan"
"Neysa Danilchenko","Vaughn Pallant"
"Neysa Danilchenko","Hermy Birkhead"
"Neysa Danilchenko","Crista Krzysztof"
"Neysa Danilchenko","Nikolia Safont"
"Neysa Danilchenko","Lucine Ramsay"
"Neysa Danilchenko","Hedda Andrault"
"Neysa Danilchenko","Sullivan Alpin"
"Neysa Danilchenko","Nalani Scardifield"
"Neysa Danilchenko","Garvy Sloey"
"Neysa Danilchenko","Shani Garett"
"Neysa Danilchenko","Niki MacPake"
"Neysa Danilchenko","Daveta Rannells"
"Neysa Danilchenko","Guglielma Antoniottii"
"Neysa Danilchenko","Bengt Prator"
"Neysa Danilchenko","Concordia Myles"
"Neysa Danilchenko","Cristal Reavell"
"Neysa Danilchenko","Burg Donat"
"Neysa Danilchenko","Fionnula Bonicelli"
"Neysa Danilchenko","Marylin Ducket"
"Neysa Danilchenko","Aubrette Windeatt"
"Neysa Danilchenko","Berkie Grabeham"
"Neysa Danilchenko","Early Letixier"
"Neysa Danilchenko","Billie Beynkn"
"Beilul Girkins","Hiram Sissons"
"Beilul Girkins","Vaughn Pallant"
"Beilul Girkins","Mayor Lamont"
"Beilul Girkins","Nikolia Safont"
"Beilul Girkins","Edithe Weiser"
"Beilul Girkins","Marisa McMennum"
"Beilul Girkins","Angelita Vallentin"
"Beilul Girkins","Karim Geggus"
"Beilul Girkins","Allyn Sancho"
"Beilul Girkins","Robinetta Sailor"
"Beilul Girkins","Averill Gregg"
"Beilul Girkins","Nalani Scardifield"
"Beilul Girkins","Garvy Sloey"
"Beilul Girkins","Shani Garett"
"Beilul Girkins","Porter Newing"
"Beilul Girkins","Tammie Lattimer"
"Beilul Girkins","Cristal Reavell"
"Beilul Girkins","Tova Sworn"
"Beilul Girkins","Berkie Grabeham"
"Beilul Girkins","Vicki Matteo"
"Beilul Girkins","Lilith Sudy"
"Beilul Girkins","Delia Wintour"
"Beilul Girkins","Carolina Ewbanks"
"Marylin Ducket","Aguistin Gilmore"
"Marylin Ducket","Alick Wanless"
"Marylin Ducket","Mayor Lamont"
"Marylin Ducket","Nani Heyball"
"Marylin Ducket","Nadia Ayree"
"Marylin Ducket","Sullivan Alpin"
"Marylin Ducket","Erhart Copozio"
"Marylin Ducket","Robinetta Sailor"
"Marylin Ducket","Georgeanne Rowbury"
"Marylin Ducket","Nalani Scardifield"
"Marylin Ducket","Bar Spedroni"
"Marylin Ducket","Shani Garett"
"Marylin Ducket","Niki MacPake"
"Marylin Ducket","Daveta Rannells"
"Marylin Ducket","Guglielma Antoniottii"
"Marylin Ducket","Briggs Hellin"
"Marylin Ducket","Porter Newing"
"Marylin Ducket","Cristal Reavell"
"Marylin Ducket","Maxie Watsham"
"Marylin Ducket","Beilul Girkins"
"Marylin Ducket","Aubrette Windeatt"
"Marylin Ducket","Fanny Trewhela"
"Marylin Ducket","Berkie Grabeham"
"Marylin Ducket","Rhetta Dyson"
"Marylin Ducket","Elizabeth Dinsmore"
"Marylin Ducket","Early Letixier"
"Marylin Ducket","Sybyl Randles"
"Marylin Ducket","Delia Wintour"
"Mersey Kinlock","Richard Gilfillan"
"Mersey Kinlock","Aguistin Gilmore"
"Mersey Kinlock","Mayor Lamont"
"Mersey Kinlock","Milena Cogswell"
"Mersey Kinlock","Edithe Weiser"
"Mersey Kinlock","Hedda Andrault"
"Mersey Kinlock","Cheryl Blakiston"
"Mersey Kinlock","Angelita Vallentin"
"Mersey Kinlock","Karim Geggus"
"Mersey Kinlock","Allyn Sancho"
"Mersey Kinlock","Garvy Sloey"
"Mersey Kinlock","Shani Garett"
"Mersey Kinlock","Bengt Prator"
"Mersey Kinlock","Briggs Hellin"
"Mersey Kinlock","Tova Sworn"
"Mersey Kinlock","Georgine Bagshaw"
"Mersey Kinlock","Katha Cushelly"
"Mersey Kinlock","Bernard Gorriessen"
"Mersey Kinlock","Kimberli Feander"
"Aubrette Windeatt","Vaughn Pallant"
"Aubrette Windeatt","Aguistin Gilmore"
"Aubrette Windeatt","Hermy Birkhead"
"Aubrette Windeatt","Lucine Ramsay"
"Aubrette Windeatt","Sullivan Alpin"
"Aubrette Windeatt","Cheryl Blakiston"
"Aubrette Windeatt","Angelita Vallentin"
"Aubrette Windeatt","Allyn Sancho"
"Aubrette Windeatt","Averill Gregg"
"Aubrette Windeatt","Bar Spedroni"
"Aubrette Windeatt","Shani Garett"
"Aubrette Windeatt","Cristal Reavell"
"Aubrette Windeatt","Tova Sworn"
"Aubrette Windeatt","Jacintha Doniso"
"Aubrette Windeatt","Beilul Girkins"
"Aubrette Windeatt","Rance O' Molan"
"Aubrette Windeatt","Preston Fynan"
"Aubrette Windeatt","Katha Cushelly"
"Aubrette Windeatt","Kimberli Feander"
"Aubrette Windeatt","Vicki Matteo"
"Aubrette Windeatt","Gae Posselt"
"Aubrette Windeatt","Delia Wintour"
"Rance O' Molan","Joletta Mailey"
"Rance O' Molan","Sargent Wareham"
"Rance O' Molan","Aretha Brooksby"
"Rance O' Molan","Zitella Gawthorp"
"Rance O' Molan","Hermy Birkhead"
"Rance O' Molan","Milena Cogswell"
"Rance O' Molan","Angelita Vallentin"
"Rance O' Molan","Erhart Copozio"
"Rance O' Molan","Karim Geggus"
"Rance O' Molan","Averill Gregg"
"Rance O' Molan","Georgeanne Rowbury"
"Rance O' Molan","Garvy Sloey"
"Rance O' Molan","Shani Garett"
"Rance O' Molan","Sharla Puckrin"
"Rance O' Molan","Daveta Rannells"
"Rance O' Molan","Porter Newing"
"Rance O' Molan","Bern Oboy"
"Rance O' Molan","Early Letixier"
"Rance O' Molan","Leon Blumsom"
"Chicky Ancliffe","Kathryne Goodrich"
"Chicky Ancliffe","Vaughn Pallant"
"Chicky Ancliffe","Hermy Birkhead"
"Chicky Ancliffe","Crista Krzysztof"
"Chicky Ancliffe","Nadia Ayree"
"Chicky Ancliffe","Sullivan Alpin"
"Chicky Ancliffe","Angelita Vallentin"
"Chicky Ancliffe","Allyn Sancho"
"Chicky Ancliffe","Robinetta Sailor"
"Chicky Ancliffe","Averill Gregg"
"Chicky Ancliffe","Korry Kears"
"Chicky Ancliffe","Denys Shapcote"
"Chicky Ancliffe","Shani Garett"
"Chicky Ancliffe","Niki MacPake"
"Chicky Ancliffe","Sharla Puckrin"
"Chicky Ancliffe","Guglielma Antoniottii"
"Chicky Ancliffe","Concordia Myles"
"Chicky Ancliffe","Tammie Lattimer"
"Chicky Ancliffe","Fionnula Bonicelli"
"Chicky Ancliffe","Beilul Girkins"
"Chicky Ancliffe","Rance O' Molan"
"Chicky Ancliffe","Georgine Bagshaw"
"Chicky Ancliffe","Fanny Trewhela"
"Chicky Ancliffe","Sybyl Randles"
"Chicky Ancliffe","Leon Blumsom"
"Chicky Ancliffe","Delia Wintour"
"Chicky Ancliffe","Wilbur Toffoletto"
"Chicky Ancliffe","Billie Beynkn"
"Georgine Bagshaw","Joletta Mailey"
"Georgine Bagshaw","Hiram Sissons"
"Georgine Bagshaw","Vaughn Pallant"
"Georgine Bagshaw","Angelita Vallentin"
"Georgine Bagshaw","Averill Gregg"
"Georgine Bagshaw","Georgeanne Rowbury"
"Georgine Bagshaw","Garvy Sloey"
"Georgine Bagshaw","Niki MacPake"
"Georgine Bagshaw","Daveta Rannells"
"Georgine Bagshaw","Guglielma Antoniottii"
"Georgine Bagshaw","Foster Durand"
"Georgine Bagshaw","Briggs Hellin"
"Georgine Bagshaw","Lisle Weekes"
"Georgine Bagshaw","Cristal Reavell"
"Georgine Bagshaw","Fionnula Bonicelli"
"Georgine Bagshaw","Tova Sworn"
"Georgine Bagshaw","Neysa Danilchenko"
"Georgine Bagshaw","Mersey Kinlock"
"Georgine Bagshaw","Aubrette Windeatt"
"Georgine Bagshaw","Chicky Ancliffe"
"Georgine Bagshaw","Bernard Gorriessen"
"Georgine Bagshaw","Vicki Matteo"
"Georgine Bagshaw","Leon Blumsom"
"Georgine Bagshaw","Gae Posselt"
"Fanny Trewhela","Nydia Merrikin"
"Fanny Trewhela","Sargent Wareham"
"Fanny Trewhela","Zitella Gawthorp"
"Fanny Trewhela","Nani Heyball"
"Fanny Trewhela","Hermy Birkhead"
"Fanny Trewhela","Milena Cogswell"
"Fanny Trewhela","Edithe Weiser"
"Fanny Trewhela","Marisa McMennum"
"Fanny Trewhela","Averill Gregg"
"Fanny Trewhela","Korry Kears"
"Fanny Trewhela","Denys Shapcote"
"Fanny Trewhela","Garvy Sloey"
"Fanny Trewhela","Shani Garett"
"Fanny Trewhela","Niki MacPake"
"Fanny Trewhela","Guglielma Antoniottii"
"Fanny Trewhela","Tammie Lattimer"
"Fanny Trewhela","Burg Donat"
"Fanny Trewhela","Tova Sworn"
"Fanny Trewhela","Jacintha Doniso"
"Fanny Trewhela","Neysa Danilchenko"
"Fanny Trewhela","Beilul Girkins"
"Fanny Trewhela","Marylin Ducket"
"Fanny Trewhela","Georgine Bagshaw"
"Fanny Trewhela","Preston Fynan"
"Fanny Trewhela","Early Letixier"
"Fanny Trewhela","Cordelie Maryott"
"Fanny Trewhela","Lilith Sudy"
"Fanny Trewhela","Billie Beynkn"
"Berkie Grabeham","Richard Gilfillan"
"Berkie Grabeham","Joletta Mailey"
"Berkie Grabeham","Sargent Wareham"
"Berkie Grabeham","Aretha Brooksby"
"Berkie Grabeham","Lucine Ramsay"
"Berkie Grabeham","Sullivan Alpin"
"Berkie Grabeham","Cheryl Blakiston"
"Berkie Grabeham","Amalle Gribben"
"Berkie Grabeham","Robinetta Sailor"
"Berkie Grabeham","Niki MacPake"
"Berkie Grabeham","Bengt Prator"
"Berkie Grabeham","Briggs Hellin"
"Berkie Grabeham","Concordia Myles"
"Berkie Grabeham","Porter Newing"
"Berkie Grabeham","Alberik Joynson"
"Berkie Grabeham","Neysa Danilchenko"
"Berkie Grabeham","Rance O' Molan"
"Berkie Grabeham","Fanny Trewhela"
"Berkie Grabeham","Preston Fynan"
"Berkie Grabeham","Rhetta Dyson"
"Berkie Grabeham","Kimberli Feander"
"Berkie Grabeham","Cordelie Maryott"
"Berkie Grabeham","Lilith Sudy"
"Berkie Grabeham","Gae Posselt"
"Berkie Grabeham","Billie Beynkn"
"Preston Fynan","Nydia Merrikin"
"Preston Fynan","Kathryne Goodrich"
"Preston Fynan","Alick Wanless"
"Preston Fynan","Mayor Lamont"
"Preston Fynan","Nikolia Safont"
"Preston Fynan","Edithe Weiser"
"Preston Fynan","Cheryl Blakiston"
"Preston Fynan","Erhart Copozio"
"Preston Fynan","Robinetta Sailor"
"Preston Fynan","Dunn Pinnere"
"Preston Fynan","Daveta Rannells"
"Preston Fynan","Tammie Lattimer"
"Preston Fynan","Burg Donat"
"Preston Fynan","Neysa Danilchenko"
"Preston Fynan","Rance O' Molan"
"Preston Fynan","Georgine Bagshaw"
"Preston Fynan","Leon Blumsom"
"Preston Fynan","Cordelie Maryott"
"Preston Fynan","Lilith Sudy"
"Rhetta Dyson","Richard Gilfillan"
"Rhetta Dyson","Mayor Lamont"
"Rhetta Dyson","Lucine Ramsay"
"Rhetta Dyson","Hedda Andrault"
"Rhetta Dyson","Nadia Ayree"
"Rhetta Dyson","Georgeanne Rowbury"
"Rhetta Dyson","Nalani Scardifield"
"Rhetta Dyson","Denys Shapcote"
"Rhetta Dyson","Bengt Prator"
"Rhetta Dyson","Concordia Myles"
"Rhetta Dyson","Alberik Joynson"
"Rhetta Dyson","Aubrette Windeatt"
"Rhetta Dyson","Rance O' Molan"
"Rhetta Dyson","Chicky Ancliffe"
"Rhetta Dyson","Fanny Trewhela"
"Rhetta Dyson","Berkie Grabeham"
"Rhetta Dyson","Elizabeth Dinsmore"
"Rhetta Dyson","Leon Blumsom"
"Rhetta Dyson","Lilith Sudy"
"Rhetta Dyson","Gae Posselt"
"Rhetta Dyson","Carolina Ewbanks"
"Rhetta Dyson","Wilbur Toffoletto"
"Rhetta Dyson","Billie Beynkn"
"Katha Cushelly","Richard Gilfillan"
"Katha Cushelly","Nydia Merrikin"
"Katha Cushelly","Kathryne Goodrich"
"Katha Cushelly","Aretha Brooksby"
"Katha Cushelly","Vaughn Pallant"
"Katha Cushelly","Aguistin Gilmore"
"Katha Cushelly","Edithe Weiser"
"Katha Cushelly","Hedda Andrault"
"Katha Cushelly","Angelita Vallentin"
"Katha Cushelly","Allyn Sancho"
"Katha Cushelly","Nalani Scardifield"
"Katha Cushelly","Denys Shapcote"
"Katha Cushelly","Bar Spedroni"
"Katha Cushelly","Sharla Puckrin"
"Katha Cushelly","Guglielma Antoniottii"
"Katha Cushelly","Bengt Prator"
"Katha Cushelly","Tammie Lattimer"
"Katha Cushelly","Bern Oboy"
"Katha Cushelly","Beilul Girkins"
"Katha Cushelly","Chicky Ancliffe"
"Katha Cushelly","Georgine Bagshaw"
"Katha Cushelly","Fanny Trewhela"
"Katha Cushelly","Preston Fynan"
"Katha Cushelly","Bernard Gorriessen"
"Katha Cushelly","Sybyl Randles"
"Katha Cushelly","Vicki Matteo"
"Katha Cushelly","Leon Blumsom"
"Katha Cushelly","Cordelie Maryott"
"Katha Cushelly","Gae Posselt"
"Katha Cushelly","Delia Wintour"
"Elizabeth Dinsmore","Nydia Merrikin"
"Elizabeth Dinsmore","Mayor Lamont"
"Elizabeth Dinsmore","Raphaela Mathis"
"Elizabeth Dinsmore","Karim Geggus"
"Elizabeth Dinsmore","Averill Gregg"
"Elizabeth Dinsmore","Guglielma Antoniottii"
"Elizabeth Dinsmore","Concordia Myles"
"Elizabeth Dinsmore","Alberik Joynson"
"Elizabeth Dinsmore","Burg Donat"
"Elizabeth Dinsmore","Neysa Danilchenko"
"Elizabeth Dinsmore","Rance O' Molan"
"Elizabeth Dinsmore","Katha Cushelly"
"Elizabeth Dinsmore","Delia Wintour"
"Elizabeth Dinsmore","Carolina Ewbanks"
"Elizabeth Dinsmore","Wilbur Toffoletto"
"Elizabeth Dinsmore","Billie Beynkn"
"Bernard Gorriessen","Joletta Mailey"
"Bernard Gorriessen","Hedda Andrault"
"Bernard Gorriessen","Amalle Gribben"
"Bernard Gorriessen","Korry Kears"
"Bernard Gorriessen","Bar Spedroni"
"Bernard Gorriessen","Niki MacPake"
"Bernard Gorriessen","Briggs Hellin"
"Bernard Gorriessen","Concordia Myles"
"Bernard Gorriessen","Lisle Weekes"
"Bernard Gorriessen","Cristal Reavell"
"Bernard Gorriessen","Marylin Ducket"
"Bernard Gorriessen","Fanny Trewhela"
"Bernard Gorriessen","Katha Cushelly"
"Bernard Gorriessen","Leon Blumsom"
"Bernard Gorriessen","Cordelie Maryott"
"Early Letixier","Richard Gilfillan"
"Early Letixier","Nydia Merrikin"
"Early Letixier","Hermy Birkhead"
"Early Letixier","Nikolia Safont"
"Early Letixier","Sullivan Alpin"
"Early Letixier","Erhart Copozio"
"Early Letixier","Karim Geggus"
"Early Letixier","Allyn Sancho"
"Early Letixier","Sharla Puckrin"
"Early Letixier","Foster Durand"
"Early Letixier","Alberik Joynson"
"Early Letixier","Jacintha Doniso"
"Early Letixier","Neysa Danilchenko"
"Early Letixier","Marylin Ducket"
"Early Letixier","Aubrette Windeatt"
"Early Letixier","Georgine Bagshaw"
"Early Letixier","Fanny Trewhela"
"Early Letixier","Bernard Gorriessen"
"Early Letixier","Kimberli Feander"
"Early Letixier","Lilith Sudy"
"Early Letixier","Delia Wintour"
"Early Letixier","Wilbur Toffoletto"
"Early Letixier","Billie Beynkn"
"Sybyl Randles","Joletta Mailey"
"Sybyl Randles","Nydia Merrikin"
"Sybyl Randles","Kathryne Goodrich"
"Sybyl Randles","Vaughn Pallant"
"Sybyl Randles","Hedda Andrault"
"Sybyl Randles","Dunn Pinnere"
"Sybyl Randles","Averill Gregg"
"Sybyl Randles","Georgeanne Rowbury"
"Sybyl Randles","Korry Kears"
"Sybyl Randles","Denys Shapcote"
"Sybyl Randles","Garvy Sloey"
"Sybyl Randles","Shani Garett"
"Sybyl Randles","Daveta Rannells"
"Sybyl Randles","Bengt Prator"
"Sybyl Randles","Concordia Myles"
"Sybyl Randles","Aubrette Windeatt"
"Sybyl Randles","Rance O' Molan"
"Sybyl Randles","Fanny Trewhela"
"Sybyl Randles","Rhetta Dyson"
"Sybyl Randles","Leon Blumsom"
"Sybyl Randles","Cordelie Maryott"
"Sybyl Randles","Delia Wintour"
"Sybyl Randles","Carolina Ewbanks"
"Kimberli Feander","Kathryne Goodrich"
"Kimberli Feander","Aretha Brooksby"
"Kimberli Feander","Hermy Birkhead"
"Kimberli Feander","Sullivan Alpin"
"Kimberli Feander","Marisa McMennum"
"Kimberli Feander","Georgeanne Rowbury"
"Kimberli Feander","Mitchel Maruska"
"Kimberli Feander","Nalani Scardifield"
"Kimberli Feander","Garvy Sloey"
"Kimberli Feander","Bar Spedroni"
"Kimberli Feander","Bengt Prator"
"Kimberli Feander","Foster Durand"
"Kimberli Feander","Tammie Lattimer"
"Kimberli Feander","Cristal Reavell"
"Kimberli Feander","Maxie Watsham"
"Kimberli Feander","Bern Oboy"
"Kimberli Feander","Burg Donat"
"Kimberli Feander","Mersey Kinlock"
"Kimberli Feander","Rance O' Molan"
"Kimberli Feander","Elizabeth Dinsmore"
"Kimberli Feander","Leon Blumsom"
"Vicki Matteo","Hiram Sissons"
"Vicki Matteo","Nydia Merrikin"
"Vicki Matteo","Sargent Wareham"
"Vicki Matteo","Lacy Noah"
"Vicki Matteo","Aretha Brooksby"
"Vicki Matteo","Vaughn Pallant"
"Vicki Matteo","Zitella Gawthorp"
"Vicki Matteo","Mayor Lamont"
"Vicki Matteo","Nani Heyball"
"Vicki Matteo","Nikolia Safont"
"Vicki Matteo","Lucine Ramsay"
"Vicki Matteo","Angelita Vallentin"
"Vicki Matteo","Karim Geggus"
"Vicki Matteo","Allyn Sancho"
"Vicki Matteo","Dunn Pinnere"
"Vicki Matteo","Mitchel Maruska"
"Vicki Matteo","Rance O' Molan"
"Vicki Matteo","Rhetta Dyson"
"Vicki Matteo","Katha Cushelly"
"Vicki Matteo","Bernard Gorriessen"
"Vicki Matteo","Sybyl Randles"
"Vicki Matteo","Leon Blumsom"
"Vicki Matteo","Lilith Sudy"
"Vicki Matteo","Billie Beynkn"
"Leon Blumsom","Nikolia Safont"
"Leon Blumsom","Amalle Gribben"
"Leon Blumsom","Robinetta Sailor"
"Leon Blumsom","Georgeanne Rowbury"
"Leon Blumsom","Nalani Scardifield"
"Leon Blumsom","Bar Spedroni"
"Leon Blumsom","Guglielma Antoniottii"
"Leon Blumsom","Burg Donat"
"Leon Blumsom","Neysa Danilchenko"
"Leon Blumsom","Berkie Grabeham"
"Leon Blumsom","Preston Fynan"
"Leon Blumsom","Katha Cushelly"
"Leon Blumsom","Bernard Gorriessen"
"Leon Blumsom","Vicki Matteo"
"Leon Blumsom","Wilbur Toffoletto"
"Cordelie Maryott","Joletta Mailey"
"Cordelie Maryott","Lacy Noah"
"Cordelie Maryott","Edithe Weiser"
"Cordelie Maryott","Hedda Andrault"
"Cordelie Maryott","Karim Geggus"
"Cordelie Maryott","Allyn Sancho"
"Cordelie Maryott","Mitchel Maruska"
"Cordelie Maryott","Korry Kears"
"Cordelie Maryott","Sharla Puckrin"
"Cordelie Maryott","Daveta Rannells"
"Cordelie Maryott","Foster Durand"
"Cordelie Maryott","Briggs Hellin"
"Cordelie Maryott","Concordia Myles"
"Cordelie Maryott","Porter Newing"
"Cordelie Maryott","Cristal Reavell"
"Cordelie Maryott","Burg Donat"
"Cordelie Maryott","Fionnula Bonicelli"
"Cordelie Maryott","Neysa Danilchenko"
"Cordelie Maryott","Mersey Kinlock"
"Cordelie Maryott","Fanny Trewhela"
"Cordelie Maryott","Katha Cushelly"
"Cordelie Maryott","Elizabeth Dinsmore"
"Cordelie Maryott","Bernard Gorriessen"
"Cordelie Maryott","Lilith Sudy"
"Lilith Sudy","Hiram Sissons"
"Lilith Sudy","Aretha Brooksby"
"Lilith Sudy","Aguistin Gilmore"
"Lilith Sudy","Zitella Gawthorp"
"Lilith Sudy","Mayor Lamont"
"Lilith Sudy","Nani Heyball"
"Lilith Sudy","Milena Cogswell"
"Lilith Sudy","Sullivan Alpin"
"Lilith Sudy","Amalle Gribben"
"Lilith Sudy","Dunn Pinnere"
"Lilith Sudy","Georgeanne Rowbury"
"Lilith Sudy","Mitchel Maruska"
"Lilith Sudy","Niki MacPake"
"Lilith Sudy","Sharla Puckrin"
"Lilith Sudy","Daveta Rannells"
"Lilith Sudy","Guglielma Antoniottii"
"Lilith Sudy","Bengt Prator"
"Lilith Sudy","Briggs Hellin"
"Lilith Sudy","Lisle Weekes"
"Lilith Sudy","Fionnula Bonicelli"
"Lilith Sudy","Berkie Grabeham"
"Lilith Sudy","Rhetta Dyson"
"Lilith Sudy","Bernard Gorriessen"
"Lilith Sudy","Early Letixier"
"Lilith Sudy","Vicki Matteo"
"Lilith Sudy","Gae Posselt"
"Lilith Sudy","Delia Wintour"
"Lilith Sudy","Carolina Ewbanks"
"Gae Posselt","Sargent Wareham"
"Gae Posselt","Alick Wanless"
"Gae Posselt","Mayor Lamont"
"Gae Posselt","Marisa McMennum"
"Gae Posselt","Cheryl Blakiston"
"Gae Posselt","Karim Geggus"
"Gae Posselt","Bar Spedroni"
"Gae Posselt","Niki MacPake"
"Gae Posselt","Briggs Hellin"
"Gae Posselt","Concordia Myles"
"Gae Posselt","Alberik Joynson"
"Gae Posselt","Cristal Reavell"
"Gae Posselt","Bern Oboy"
"Gae Posselt","Fionnula Bonicelli"
"Gae Posselt","Fanny Trewhela"
"Gae Posselt","Katha Cushelly"
"Gae Posselt","Bernard Gorriessen"
"Delia Wintour","Nydia Merrikin"
"Delia Wintour","Kathryne Goodrich"
"Delia Wintour","Zitella Gawthorp"
"Delia Wintour","Alick Wanless"
"Delia Wintour","Hermy Birkhead"
"Delia Wintour","Marisa McMennum"
"Delia Wintour","Cheryl Blakiston"
"Delia Wintour","Angelita Vallentin"
"Delia Wintour","Raphaela Mathis"
"Delia Wintour","Erhart Copozio"
"Delia Wintour","Karim Geggus"
"Delia Wintour","Dunn Pinnere"
"Delia Wintour","Averill Gregg"
"Delia Wintour","Mitchel Maruska"
"Delia Wintour","Korry Kears"
"Delia Wintour","Garvy Sloey"
"Delia Wintour","Bar Spedroni"
"Delia Wintour","Niki MacPake"
"Delia Wintour","Sharla Puckrin"
"Delia Wintour","Cristal Reavell"
"Delia Wintour","Maxie Watsham"
"Delia Wintour","Burg Donat"
"Delia Wintour","Mersey Kinlock"
"Delia Wintour","Bernard Gorriessen"
"Delia Wintour","Early Letixier"
"Delia Wintour","Kimberli Feander"
"Delia Wintour","Carolina Ewbanks"
"Carolina Ewbanks","Aguistin Gilmore"
"Carolina Ewbanks","Nadia Ayree"
"Carolina Ewbanks","Marisa McMennum"
"Carolina Ewbanks","Raphaela Mathis"
"Carolina Ewbanks","Karim Geggus"
"Carolina Ewbanks","Bar Spedroni"
"Carolina Ewbanks","Shani Garett"
"Carolina Ewbanks","Niki MacPake"
"Carolina Ewbanks","Concordia Myles"
"Carolina Ewbanks","Alberik Joynson"
"Carolina Ewbanks","Tammie Lattimer"
"Carolina Ewbanks","Cristal Reavell"
"Carolina Ewbanks","Tova Sworn"
"Carolina Ewbanks","Marylin Ducket"
"Carolina Ewbanks","Georgine Bagshaw"
"Carolina Ewbanks","Berkie Grabeham"
"Carolina Ewbanks","Preston Fynan"
"Carolina Ewbanks","Katha Cushelly"
"Carolina Ewbanks","Elizabeth Dinsmore"
"Carolina Ewbanks","Early Letixier"
"Carolina Ewbanks","Vicki Matteo"
"Carolina Ewbanks","Cordelie Maryott"
"Carolina Ewbanks","Lilith Sudy"
"Carolina Ewbanks","Wilbur Toffoletto"
"Wilbur Toffoletto","Hiram Sissons"
"Wilbur Toffoletto","Sargent Wareham"
"Wilbur Toffoletto","Aretha Brooksby"
"Wilbur Toffoletto","Hermy Birkhead"
"Wilbur Toffoletto","Milena Cogswell"
"Wilbur Toffoletto","Raphaela Mathis"
"Wilbur Toffoletto","Dunn Pinnere"
"Wilbur Toffoletto","Nalani Scardifield"
"Wilbur Toffoletto","Bar Spedroni"
"Wilbur Toffoletto","Daveta Rannells"
"Wilbur Toffoletto","Bengt Prator"
"Wilbur Toffoletto","Foster Durand"
"Wilbur Toffoletto","Briggs Hellin"
"Wilbur Toffoletto","Concordia Myles"
"Wilbur Toffoletto","Lisle Weekes"
"Wilbur Toffoletto","Burg Donat"
"Wilbur Toffoletto","Fionnula Bonicelli"
"Wilbur Toffoletto","Tova Sworn"
"Wilbur Toffoletto","Sybyl Randles"
"Wilbur Toffoletto","Vicki Matteo"
"Wilbur Toffoletto","Leon Blumsom"
"Wilbur Toffoletto","Lilith Sudy"
"Wilbur Toffoletto","Gae Posselt"
"Wilbur Toffoletto","Delia Wintour"
"Billie Beynkn","Richard Gilfillan"
"Billie Beynkn","Joletta Mailey"
"Billie Beynkn","Kathryne Goodrich"
"Billie Beynkn","Alick Wanless"
"Billie Beynkn","Mayor Lamont"
"Billie Beynkn","Nani Heyball"
"Billie Beynkn","Crista Krzysztof"
"Billie Beynkn","Edithe Weiser"
"Billie Beynkn","Erhart Copozio"
"Billie Beynkn","Amalle Gribben"
"Billie Beynkn","Averill Gregg"
"Billie Beynkn","Georgeanne Rowbury"
"Billie Beynkn","Bar Spedroni"
"Billie Beynkn","Sharla Puckrin"
"Billie Beynkn","Guglielma Antoniottii"
"Billie Beynkn","Bern Oboy"
"Billie Beynkn","Burg Donat"
"Billie Beynkn","Georgine Bagshaw"
"Billie Beynkn","Fanny Trewhela"
"Billie Beynkn","Berkie Grabeham"
"Billie Beynkn","Rhetta Dyson"
"Billie Beynkn","Sybyl Randles"
"Billie Beynkn","Kimberli Feander"
"Billie Beynkn","Wilbur Toffoletto"
